<?xml version="1.0" encoding="utf-8"?>
<?xml-stylesheet type="text/xsl" href="studentsalp.xslt"?>
<students>
<student id="2296">
<name>
<first>Афонина</first>
<last>Анастасия</last>
<patronymic>Алексеевна</patronymic>
</name>
<score total="248">
<math>72</math>
<russian>93</russian>
<informatics>78</informatics>
</score>
<advantage>Нет</advantage>
</student>
<student id="7192">
<name>
<first>Сметкина</first>
<last>Анна</last>
<patronymic>Витальевна</patronymic>
</name>
<score total="247">
<math>74</math>
<russian>91</russian>
<informatics>82</informatics>
</score>
<advantage>Нет</advantage>
</student>
<student id="4927">
<name>
<first>Афанасьева</first>
<last>Ирина</last>
<patronymic>Витальевна</patronymic>
</name>
<score total="243">
<math>72</math>
<russian>91</russian>
<informatics>80</informatics>
</score>
<advantage>Нет</advantage>
</student>
<student id="281">
<name>
<first>Давтян</first>
<last>Сурен</last>
<patronymic>Вачеевич</patronymic>
</name>
<score total="236">
<math>62</math>
<russian>88</russian>
<informatics>86</informatics>
</score>
<advantage>Нет</advantage>
</student>
<student id="3676">
<name>
<first>Гетиев</first>
<last>Темирлан</last>
<patronymic>Тимурович</patronymic>
</name>
<score total="234">
<math>70</math>
<russian>76</russian>
<informatics>88</informatics>
</score>
<advantage>Нет</advantage>
</student>
<student id="3968">
<name>
<first>Зайцева</first>
<last>Дарья</last>
<patronymic>Игоревна</patronymic>
</name>
<score total="233">
<math>62</math>
<russian>93</russian>
<informatics>78</informatics>
</score>
<advantage>Нет</advantage>
</student>
<student id="5803">
<name>
<first>Аванесян</first>
<last>Альберт</last>
<patronymic>Гарриевич</patronymic>
</name>
<score total="230">
<math>78</math>
<russian>83</russian>
<informatics>69</informatics>
</score>
<advantage>Нет</advantage>
</student>
<student id="5751">
<name>
<first>Нуриманова</first>
<last>Эвелина</last>
<patronymic>Рустамовна</patronymic>
</name>
<score total="228">
<math>62</math>
<russian>83</russian>
<informatics>78</informatics>
</score>
<advantage>Нет</advantage>
</student>
<student id="4036">
<name>
<first>Ливерко</first>
<last>Михаил</last>
<patronymic>Владимирович</patronymic>
</name>
<score total="227">
<math>70</math>
<russian>86</russian>
<informatics>71</informatics>
</score>
<advantage>Нет</advantage>
</student>
<student id="7597">
<name>
<first>Водолага</first>
<last>Борис</last>
<patronymic>Романович</patronymic>
</name>
<score total="224">
<math>70</math>
<russian>84</russian>
<informatics>70</informatics>
</score>
<advantage>Нет</advantage>
</student>
<student id="2154">
<name>
<first>Башелеишвили</first>
<last>Наталиа</last>
<patronymic>Валериановна</patronymic>
</name>
<score total="224">
<math>68</math>
<russian>86</russian>
<informatics>70</informatics>
</score>
<advantage>Нет</advantage>
</student>
<student id="8127">
<name>
<first>Ардатовский</first>
<last>Максим</last>
<patronymic>Игоревич</patronymic>
</name>
<score total="222">
<math>78</math>
<russian>76</russian>
<informatics>68</informatics>
</score>
<advantage>Нет</advantage>
</student>
<student id="1252">
<name>
<first>Цветкова</first>
<last>Дарья</last>
<patronymic>Александровна</patronymic>
</name>
<score total="222">
<math>74</math>
<russian>73</russian>
<informatics>70</informatics>
</score>
<advantage>Нет</advantage>
</student>
<student id="3685">
<name>
<first>Кузнецова</first>
<last>Анна</last>
<patronymic>Александровна</patronymic>
</name>
<score total="220">
<math>68</math>
<russian>86</russian>
<informatics>66</informatics>
</score>
<advantage>Нет</advantage>
</student>
<student id="6656">
<name>
<first>Глазунов</first>
<last>Евгений</last>
<patronymic>Олегович</patronymic>
</name>
<score total="219">
<math>70</math>
<russian>83</russian>
<informatics>66</informatics>
</score>
<advantage>Нет</advantage>
</student>
<student id="1567">
<name>
<first>Калмыков</first>
<last>Петр</last>
<patronymic>Александрович</patronymic>
</name>
<score total="219">
<math>62</math>
<russian>88</russian>
<informatics>69</informatics>
</score>
<advantage>Нет</advantage>
</student>
<student id="603">
<name>
<first>Щукина</first>
<last>Екатерина</last>
<patronymic>Николаевна</patronymic>
</name>
<score total="219">
<math>56</math>
<russian>91</russian>
<informatics>67</informatics>
</score>
<advantage>Нет</advantage>
</student>
<student id="1422">
<name>
<first>Пономарев</first>
<last>Иван</last>
<patronymic>Глебович</patronymic>
</name>
<score total="218">
<math>74</math>
<russian>73</russian>
<informatics>71</informatics>
</score>
<advantage>Нет</advantage>
</student>
<student id="959">
<name>
<first>Сергеев</first>
<last>Максим</last>
<patronymic>Александрович</patronymic>
</name>
<score total="217">
<math>50</math>
<russian>98</russian>
<informatics>69</informatics>
</score>
<advantage>Нет</advantage>
</student>
<student id="7114">
<name>
<first>Слепнёв</first>
<last>Денис</last>
<patronymic>Дмитриевич</patronymic>
</name>
<score total="216">
<math>50</math>
<russian>81</russian>
<informatics>80</informatics>
</score>
<advantage>Нет</advantage>
</student>
<student id="177">
<name>
<first>Шевчук</first>
<last>Виталий</last>
</name>
<score total="215">
<math>85</math>
<russian>70</russian>
<informatics>60</informatics>
</score>
<advantage>Нет</advantage>
</student>
<student id="8248">
<name>
<first>Комушев</first>
<last>Глеб</last>
<patronymic>Глебович</patronymic>
</name>
<score total="212">
<math>78</math>
<russian>86</russian>
<informatics>48</informatics>
</score>
<advantage>Нет</advantage>
</student>
<student id="7056">
<name>
<first>Галчина</first>
<last>Марина</last>
<patronymic>Александровна</patronymic>
</name>
<score total="212">
<math>70</math>
<russian>71</russian>
<informatics>71</informatics>
</score>
<advantage>Нет</advantage>
</student>
<student id="3311">
<name>
<first>Батова</first>
<last>Кристина</last>
<patronymic>Федоровна</patronymic>
</name>
<score total="212">
<math>62</math>
<russian>96</russian>
<informatics>49</informatics>
</score>
<advantage>Нет</advantage>
</student>
<student id="6066">
<name>
<first>Галактионов</first>
<last>Михаил</last>
<patronymic>Александрович</patronymic>
</name>
<score total="212">
<math>62</math>
<russian>81</russian>
<informatics>69</informatics>
</score>
<advantage>Нет</advantage>
</student>
<student id="2227">
<name>
<first>Романова</first>
<last>Алёна</last>
<patronymic>Владимировна</patronymic>
</name>
<score total="212">
<math>56</math>
<russian>96</russian>
<informatics>60</informatics>
</score>
<advantage>Нет</advantage>
</student>
<student id="5043">
<name>
<first>Ефимова</first>
<last>Елена</last>
<patronymic>Леонидовна</patronymic>
</name>
<score total="211">
<math>82</math>
<russian>72</russian>
<informatics>57</informatics>
</score>
<advantage>Нет</advantage>
</student>
<student id="4828">
<name>
<first>Черкасский</first>
<last>Никита</last>
<patronymic>Сергеевич</patronymic>
</name>
<score total="211">
<math>68</math>
<russian>81</russian>
<informatics>57</informatics>
</score>
<advantage>Нет</advantage>
</student>
<student id="7377">
<name>
<first>Андреева</first>
<last>Анна</last>
<patronymic>Юрьевна</patronymic>
</name>
<score total="211">
<math>62</math>
<russian>86</russian>
<informatics>63</informatics>
</score>
<advantage>Нет</advantage>
</student>
<student id="1311">
<name>
<first>Шекихачев</first>
<last>Эльдар</last>
<patronymic>Алексеевич</patronymic>
</name>
<score total="208">
<math>72</math>
<russian>81</russian>
<informatics>55</informatics>
</score>
<advantage>Нет</advantage>
</student>
<student id="3043">
<name>
<first>Лемешев</first>
<last>Михаил</last>
<patronymic>Сергеевич</patronymic>
</name>
<score total="208">
<math>70</math>
<russian>73</russian>
<informatics>65</informatics>
</score>
<advantage>Нет</advantage>
</student>
<student id="7007">
<name>
<first>Трошин</first>
<last>Вадим</last>
<patronymic>Олегович</patronymic>
</name>
<score total="208">
<math>45</math>
<russian>93</russian>
<informatics>70</informatics>
</score>
<advantage>Нет</advantage>
</student>
<student id="5606">
<name>
<first>Колесова</first>
<last>Анастасия</last>
<patronymic>Владимировна</patronymic>
</name>
<score total="207">
<math>50</math>
<russian>83</russian>
<informatics>74</informatics>
</score>
<advantage>Нет</advantage>
</student>
<student id="3466">
<name>
<first>Гаврилюк</first>
<last>Константин</last>
<patronymic>Витальевич</patronymic>
</name>
<score total="207">
<math>45</math>
<russian>86</russian>
<informatics>76</informatics>
</score>
<advantage>Нет</advantage>
</student>
<student id="2815">
<name>
<first>Козырев</first>
<last>Николай</last>
<patronymic>Александрович</patronymic>
</name>
<score total="206">
<math>70</math>
<russian>67</russian>
<informatics>69</informatics>
</score>
<advantage>Нет</advantage>
</student>
<student id="8207">
<name>
<first>Орлова</first>
<last>Мария</last>
<patronymic>Максимовна</patronymic>
</name>
<score total="206">
<math>56</math>
<russian>78</russian>
<informatics>72</informatics>
</score>
<advantage>Нет</advantage>
</student>
<student id="250">
<name>
<first>Худолеев</first>
<last>Анатолий</last>
<patronymic>Андреевич</patronymic>
</name>
<score total="204">
<math>68</math>
<russian>76</russian>
<informatics>60</informatics>
</score>
<advantage>Нет</advantage>
</student>
<student id="7236">
<name>
<first>Авраменко</first>
<last>Павел</last>
<patronymic>Федорович</patronymic>
</name>
<score total="204">
<math>68</math>
<russian>68</russian>
<informatics>68</informatics>
</score>
<advantage>Нет</advantage>
</student>
<student id="2097">
<name>
<first>Войтович</first>
<last>Андрей</last>
<patronymic>Валерьевич</patronymic>
</name>
<score total="204">
<math>62</math>
<russian>70</russian>
<informatics>72</informatics>
</score>
<advantage>Нет</advantage>
</student>
<student id="720">
<name>
<first>Егутия</first>
<last>Шота</last>
<patronymic>Андреевич</patronymic>
</name>
<score total="204">
<math>56</math>
<russian>88</russian>
<informatics>60</informatics>
</score>
<advantage>Нет</advantage>
</student>
<student id="7904">
<name>
<first>Тамошайтис</first>
<last>Робертас</last>
<patronymic>Вальдемарович</patronymic>
</name>
<score total="204">
<math>45</math>
<russian>91</russian>
<informatics>68</informatics>
</score>
<advantage>Нет</advantage>
</student>
<student id="398">
<name>
<first>Марчак</first>
<last>Анна</last>
<patronymic>Олеговна</patronymic>
</name>
<score total="203">
<math>62</math>
<russian>83</russian>
<informatics>58</informatics>
</score>
<advantage>Нет</advantage>
</student>
<student id="3164">
<name>
<first>Шевченко</first>
<last>Александр</last>
<patronymic>Олегович</patronymic>
</name>
<score total="203">
<math>62</math>
<russian>73</russian>
<informatics>68</informatics>
</score>
<advantage>Нет</advantage>
</student>
<student id="3855">
<name>
<first>Бохан</first>
<last>Артём</last>
<patronymic>Владимирович</patronymic>
</name>
<score total="203">
<math>50</math>
<russian>86</russian>
<informatics>67</informatics>
</score>
<advantage>Нет</advantage>
</student>
<student id="5087">
<name>
<first>Копасов</first>
<last>Андрей</last>
<patronymic>Романович</patronymic>
</name>
<score total="201">
<math>68</math>
<russian>71</russian>
<informatics>62</informatics>
</score>
<advantage>Нет</advantage>
</student>
<student id="606">
<name>
<first>Салтышова</first>
<last>Анастасия</last>
<patronymic>Андреевна</patronymic>
</name>
<score total="201">
<math>62</math>
<russian>71</russian>
<informatics>68</informatics>
</score>
<advantage>Нет</advantage>
</student>
<student id="476">
<name>
<first>Карманов</first>
<last>Дмитрий</last>
<patronymic>Владимирович</patronymic>
</name>
<score total="201">
<math>62</math>
<russian>70</russian>
<informatics>69</informatics>
</score>
<advantage>Нет</advantage>
</student>
<student id="2825">
<name>
<first>Епринцев</first>
<last>Максим</last>
<patronymic>Игоревич</patronymic>
</name>
<score total="201">
<math>56</math>
<russian>71</russian>
<informatics>69</informatics>
</score>
<advantage>Нет</advantage>
</student>
<student id="5248">
<name>
<first>Новиков</first>
<last>Дмитрий</last>
<patronymic>Игоревич</patronymic>
</name>
<score total="200">
<math>45</math>
<russian>86</russian>
<informatics>69</informatics>
</score>
<advantage>Нет</advantage>
</student>
<student id="1267">
<name>
<first>Матвеева</first>
<last>Анна</last>
<patronymic>Васильевна</patronymic>
</name>
<score total="200">
<math>39</math>
<russian>91</russian>
<informatics>70</informatics>
</score>
<advantage>Нет</advantage>
</student>
<student id="4109">
<name>
<first>Никишина</first>
<last>Александра</last>
<patronymic>Константиновна</patronymic>
</name>
<score total="200">
<math>39</math>
<russian>86</russian>
<informatics>70</informatics>
</score>
<advantage>Нет</advantage>
</student>
<student id="769">
<name>
<first>Мазницин</first>
<last>Аркадий</last>
<patronymic>Иванович</patronymic>
</name>
<score total="199">
<math>64</math>
<russian>66</russian>
<informatics>69</informatics>
</score>
<advantage>Нет</advantage>
</student>
<student id="679">
<name>
<first>Тимонин</first>
<last>Роман</last>
<patronymic>Игоревич</patronymic>
</name>
<score total="199">
<math>56</math>
<russian>73</russian>
<informatics>69</informatics>
</score>
<advantage>Нет</advantage>
</student>
<student id="499">
<name>
<first>Гусаков</first>
<last>Данила</last>
<patronymic>Игоревич</patronymic>
</name>
<score total="199">
<math>56</math>
<russian>72</russian>
<informatics>71</informatics>
</score>
<advantage>Нет</advantage>
</student>
<student id="3014">
<name>
<first>Голова</first>
<last>Алина</last>
<patronymic>Максимовна</patronymic>
</name>
<score total="198">
<math>56</math>
<russian>70</russian>
<informatics>72</informatics>
</score>
<advantage>Нет</advantage>
</student>
<student id="5356">
<name>
<first>Суходолова</first>
<last>Анастасия</last>
<patronymic>Сергеевна</patronymic>
</name>
<score total="198">
<math>45</math>
<russian>91</russian>
<informatics>62</informatics>
</score>
<advantage>Нет</advantage>
</student>
<student id="3580">
<name>
<first>Выровцева</first>
<last>Юлия</last>
<patronymic>Игоревна</patronymic>
</name>
<score total="197">
<math>56</math>
<russian>76</russian>
<informatics>65</informatics>
</score>
<advantage>Нет</advantage>
</student>
<student id="8038">
<name>
<first>Прохоров</first>
<last>Дмитрий</last>
<patronymic>Евгеньевич</patronymic>
</name>
<score total="197">
<math>55</math>
<russian>79</russian>
<informatics>63</informatics>
</score>
<advantage>Нет</advantage>
</student>
<student id="3993">
<name>
<first>Малышко</first>
<last>Наталия</last>
<patronymic>Андреевна</patronymic>
</name>
<score total="197">
<math>39</math>
<russian>96</russian>
<informatics>57</informatics>
</score>
<advantage>Нет</advantage>
</student>
<student id="4163">
<name>
<first>Кузнецов</first>
<last>Игорь</last>
<patronymic>Владимирович</patronymic>
</name>
<score total="196">
<math>62</math>
<russian>81</russian>
<informatics>53</informatics>
</score>
<advantage>Нет</advantage>
</student>
<student id="1112">
<name>
<first>Сысоева</first>
<last>Анна</last>
<patronymic>Константиновна</patronymic>
</name>
<score total="196">
<math>39</math>
<russian>86</russian>
<informatics>71</informatics>
</score>
<advantage>Нет</advantage>
</student>
<student id="949">
<name>
<first>Арчуковская</first>
<last>Дарья</last>
<patronymic>Александровна</patronymic>
</name>
<score total="195">
<math>74</math>
<russian>70</russian>
<informatics>51</informatics>
</score>
<advantage>Нет</advantage>
</student>
<student id="5661">
<name>
<first>Бобовникова</first>
<last>Алиса</last>
<patronymic>Олеговна</patronymic>
</name>
<score total="195">
<math>33</math>
<russian>78</russian>
<informatics>84</informatics>
</score>
<advantage>Нет</advantage>
</student>
<student id="5013">
<name>
<first>Макарова</first>
<last>Елизавета</last>
<patronymic>Сергеевна</patronymic>
</name>
<score total="194">
<math>56</math>
<russian>78</russian>
<informatics>60</informatics>
</score>
<advantage>Нет</advantage>
</student>
<student id="2705">
<name>
<first>Гринина</first>
<last>Вероника</last>
<patronymic>Сергеевна</patronymic>
</name>
<score total="193">
<math>50</math>
<russian>73</russian>
<informatics>70</informatics>
</score>
<advantage>Нет</advantage>
</student>
<student id="5300">
<name>
<first>Корнилова</first>
<last>Валерия</last>
<patronymic>Сергеевна</patronymic>
</name>
<score total="192">
<math>62</math>
<russian>81</russian>
<informatics>49</informatics>
</score>
<advantage>Нет</advantage>
</student>
<student id="3318">
<name>
<first>Горшунов</first>
<last>Ярослав</last>
<patronymic>Александрович</patronymic>
</name>
<score total="192">
<math>62</math>
<russian>73</russian>
<informatics>57</informatics>
</score>
<advantage>Нет</advantage>
</student>
<student id="4627">
<name>
<first>Ющенко</first>
<last>Дарья</last>
<patronymic>Игоревна</patronymic>
</name>
<score total="192">
<math>39</math>
<russian>86</russian>
<informatics>62</informatics>
</score>
<advantage>Да</advantage>
</student>
<student id="215">
<name>
<first>Кербель</first>
<last>Полина</last>
<patronymic>Андреевна</patronymic>
</name>
<score total="191">
<math>50</math>
<russian>78</russian>
<informatics>63</informatics>
</score>
<advantage>Нет</advantage>
</student>
<student id="3876">
<name>
<first>Дорошева</first>
<last>Валерия</last>
<patronymic>Сергеевна</patronymic>
</name>
<score total="191">
<math>50</math>
<russian>73</russian>
<informatics>68</informatics>
</score>
<advantage>Нет</advantage>
</student>
<student id="7458">
<name>
<first>Киселева</first>
<last>Елена</last>
<patronymic>Михайловна</patronymic>
</name>
<score total="190">
<math>50</math>
<russian>73</russian>
<informatics>67</informatics>
</score>
<advantage>Нет</advantage>
</student>
<student id="1168">
<name>
<first>Оськина</first>
<last>Анна</last>
<patronymic>Сергеевна</patronymic>
</name>
<score total="190">
<math>50</math>
<russian>73</russian>
<informatics>67</informatics>
</score>
<advantage>Нет</advantage>
</student>
<student id="4613">
<name>
<first>Сигаева</first>
<last>Александра</last>
<patronymic>Максимовна</patronymic>
</name>
<score total="190">
<math>45</math>
<russian>78</russian>
<informatics>67</informatics>
</score>
<advantage>Нет</advantage>
</student>
<student id="556">
<name>
<first>Табачков</first>
<last>Даниил</last>
<patronymic>Игоревич</patronymic>
</name>
<score total="189">
<math>39</math>
<russian>81</russian>
<informatics>69</informatics>
</score>
<advantage>Нет</advantage>
</student>
<student id="898">
<name>
<first>Белокопытова</first>
<last>Сардаана</last>
<patronymic>Васильевна</patronymic>
</name>
<score total="186">
<math>56</math>
<russian>83</russian>
<informatics>47</informatics>
</score>
<advantage>Нет</advantage>
</student>
<student id="6570">
<name>
<first>Алексеев</first>
<last>Владимир</last>
<patronymic>Алексеевич</patronymic>
</name>
<score total="186">
<math>56</math>
<russian>67</russian>
<informatics>63</informatics>
</score>
<advantage>Нет</advantage>
</student>
<student id="3325">
<name>
<first>Кузнецова</first>
<last>Маргарита</last>
<patronymic>Евгеньевна</patronymic>
</name>
<score total="186">
<math>33</math>
<russian>83</russian>
<informatics>70</informatics>
</score>
<advantage>Нет</advantage>
</student>
<student id="5200">
<name>
<first>Красикова</first>
<last>Екатерина</last>
<patronymic>Андреевна</patronymic>
</name>
<score total="185">
<math>39</math>
<russian>81</russian>
<informatics>65</informatics>
</score>
<advantage>Нет</advantage>
</student>
<student id="3429">
<name>
<first>Троскин</first>
<last>Ян</last>
<patronymic>Вячеславович</patronymic>
</name>
<score total="185">
<math>33</math>
<russian>83</russian>
<informatics>69</informatics>
</score>
<advantage>Нет</advantage>
</student>
<student id="3932">
<name>
<first>Успенская</first>
<last>Валерия</last>
<patronymic>Андреевна</patronymic>
</name>
<score total="183">
<math>72</math>
<russian>60</russian>
<informatics>51</informatics>
</score>
<advantage>Да</advantage>
</student>
<student id="1316">
<name>
<first>Плотников</first>
<last>Виктор</last>
<patronymic>Алексеевич</patronymic>
</name>
<score total="183">
<math>50</math>
<russian>73</russian>
<informatics>60</informatics>
</score>
<advantage>Нет</advantage>
</student>
<student id="2718">
<name>
<first>Смирнов</first>
<last>Александр</last>
<patronymic>Константинович</patronymic>
</name>
<score total="183">
<math>45</math>
<russian>72</russian>
<informatics>66</informatics>
</score>
<advantage>Нет</advantage>
</student>
<student id="3050">
<name>
<first>Шарыгин</first>
<last>Данил</last>
<patronymic>Денисович</patronymic>
</name>
<score total="183">
<math>33</math>
<russian>78</russian>
<informatics>72</informatics>
</score>
<advantage>Нет</advantage>
</student>
<student id="6027">
<name>
<first>Намаконов</first>
<last>Илья</last>
<patronymic>Олегович</patronymic>
</name>
<score total="182">
<math>62</math>
<russian>67</russian>
<informatics>53</informatics>
</score>
<advantage>Нет</advantage>
</student>
<student id="523">
<name>
<first>Виноградова</first>
<last>Ксения</last>
<patronymic>Михайловна</patronymic>
</name>
<score total="182">
<math>62</math>
<russian>65</russian>
<informatics>55</informatics>
</score>
<advantage>Нет</advantage>
</student>
<student id="5413">
<name>
<first>Фокина</first>
<last>Светлана</last>
<patronymic>Андреевна</patronymic>
</name>
<score total="182">
<math>45</math>
<russian>81</russian>
<informatics>56</informatics>
</score>
<advantage>Нет</advantage>
</student>
<student id="2072">
<name>
<first>Перепелица</first>
<last>Юлия</last>
<patronymic>Алексеевна</patronymic>
</name>
<score total="181">
<math>39</math>
<russian>83</russian>
<informatics>59</informatics>
</score>
<advantage>Нет</advantage>
</student>
<student id="2957">
<name>
<first>Самохвалов</first>
<last>Сергей</last>
<patronymic>Александрович</patronymic>
</name>
<score total="180">
<math>50</math>
<russian>76</russian>
<informatics>54</informatics>
</score>
<advantage>Нет</advantage>
</student>
<student id="3859">
<name>
<first>Котляр</first>
<last>Олег</last>
<patronymic>Дмитриевич</patronymic>
</name>
<score total="179">
<math>45</math>
<russian>83</russian>
<informatics>51</informatics>
</score>
<advantage>Нет</advantage>
</student>
<student id="226">
<name>
<first>Соколов</first>
<last>Евгений</last>
<patronymic>Геннадиевич</patronymic>
</name>
<score total="178">
<math>64</math>
<russian>65</russian>
<informatics>49</informatics>
</score>
<advantage>Да</advantage>
</student>
<student id="249">
<name>
<first>Силимянкина</first>
<last>Кристина</last>
<patronymic>Валерьевна</patronymic>
</name>
<score total="178">
<math>45</math>
<russian>70</russian>
<informatics>63</informatics>
</score>
<advantage>Нет</advantage>
</student>
<student id="4562">
<name>
<first>Курозин</first>
<last>Роман</last>
<patronymic>Константинович</patronymic>
</name>
<score total="177">
<math>56</math>
<russian>72</russian>
<informatics>49</informatics>
</score>
<advantage>Нет</advantage>
</student>
<student id="3285">
<name>
<first>Мелихов</first>
<last>Егор</last>
<patronymic>Дмитриевич</patronymic>
</name>
<score total="176">
<math>45</math>
<russian>70</russian>
<informatics>61</informatics>
</score>
<advantage>Нет</advantage>
</student>
<student id="4514">
<name>
<first>Поламарчук</first>
<last>Александра</last>
<patronymic>Сергеевна</patronymic>
</name>
<score total="175">
<math>45</math>
<russian>70</russian>
<informatics>60</informatics>
</score>
<advantage>Нет</advantage>
</student>
<student id="210">
<name>
<first>Вильшанский</first>
<last>Игорь</last>
<patronymic>Евгеньевич</patronymic>
</name>
<score total="175">
<math>39</math>
<russian>78</russian>
<informatics>58</informatics>
</score>
<advantage>Нет</advantage>
</student>
<student id="4610">
<name>
<first>Одинёва</first>
<last>Кристина</last>
<patronymic>Олеговна</patronymic>
</name>
<score total="175">
<math>39</math>
<russian>76</russian>
<informatics>60</informatics>
</score>
<advantage>Нет</advantage>
</student>
<student id="5586">
<name>
<first>Яппаров</first>
<last>Рустам</last>
<patronymic>Георгиевич</patronymic>
</name>
<score total="175">
<math>39</math>
<russian>73</russian>
<informatics>63</informatics>
</score>
<advantage>Нет</advantage>
</student>
<student id="5502">
<name>
<first>Ботвинко</first>
<last>Роман</last>
<patronymic>Сергеевич</patronymic>
</name>
<score total="174">
<math>56</math>
<russian>66</russian>
<informatics>52</informatics>
</score>
<advantage>Нет</advantage>
</student>
<student id="3267">
<name>
<first>Залстер</first>
<last>Александр</last>
<patronymic>Игоревич</patronymic>
</name>
<score total="173">
<math>50</math>
<russian>70</russian>
<informatics>53</informatics>
</score>
<advantage>Нет</advantage>
</student>
<student id="2181">
<name>
<first>Карельский</first>
<last>Егор</last>
<patronymic>Максимович</patronymic>
</name>
<score total="173">
<math>45</math>
<russian>70</russian>
<informatics>58</informatics>
</score>
<advantage>Нет</advantage>
</student>
<student id="377">
<name>
<first>Шахнубарян</first>
<last>Феликс</last>
<patronymic>Камоевич</patronymic>
</name>
<score total="173">
<math>39</math>
<russian>78</russian>
<informatics>56</informatics>
</score>
<advantage>Нет</advantage>
</student>
<student id="4513">
<name>
<first>Алексеева</first>
<last>Лена</last>
<patronymic>Александровна</patronymic>
</name>
<score total="173">
<math>39</math>
<russian>72</russian>
<informatics>62</informatics>
</score>
<advantage>Нет</advantage>
</student>
<student id="6377">
<name>
<first>Махоро</first>
<last>Илья</last>
<patronymic>Юрьевич</patronymic>
</name>
<score total="173">
<math>33</math>
<russian>72</russian>
<informatics>68</informatics>
</score>
<advantage>Нет</advantage>
</student>
<student id="344">
<name>
<first>Разгуляев</first>
<last>Андрей</last>
<patronymic>Владимирович</patronymic>
</name>
<score total="172">
<math>39</math>
<russian>65</russian>
<informatics>68</informatics>
</score>
<advantage>Нет</advantage>
</student>
<student id="5457">
<name>
<first>Николаенко</first>
<last>Юлия</last>
<patronymic>Дмитриевна</patronymic>
</name>
<score total="172">
<math>33</math>
<russian>78</russian>
<informatics>61</informatics>
</score>
<advantage>Нет</advantage>
</student>
<student id="3510">
<name>
<first>Цыганок</first>
<last>Егор</last>
<patronymic>Вадимович</patronymic>
</name>
<score total="171">
<math>62</math>
<russian>64</russian>
<informatics>45</informatics>
</score>
<advantage>Нет</advantage>
</student>
<student id="5351">
<name>
<first>Горбаченко</first>
<last>Даниил</last>
<patronymic>Эдуардович</patronymic>
</name>
<score total="171">
<math>39</math>
<russian>73</russian>
<informatics>59</informatics>
</score>
<advantage>Нет</advantage>
</student>
<student id="61">
<name>
<first>Сарычева</first>
<last>Алла</last>
<patronymic>Игоревна</patronymic>
</name>
<score total="170">
<math>45</math>
<russian>69</russian>
<informatics>56</informatics>
</score>
<advantage>Нет</advantage>
</student>
<student id="5576">
<name>
<first>Хромцов</first>
<last>Александр</last>
<patronymic>Львович</patronymic>
</name>
<score total="170">
<math>33</math>
<russian>76</russian>
<informatics>61</informatics>
</score>
<advantage>Нет</advantage>
</student>
<student id="89">
<name>
<first>Ентякова</first>
<last>Валерия</last>
<patronymic>Юрьевна</patronymic>
</name>
<score total="170">
<math>33</math>
<russian>72</russian>
<informatics>65</informatics>
</score>
<advantage>Нет</advantage>
</student>
<student id="217">
<name>
<first>Абакумова</first>
<last>Дарья</last>
<patronymic>Станиславовна</patronymic>
</name>
<score total="169">
<math>39</math>
<russian>69</russian>
<informatics>61</informatics>
</score>
<advantage>Нет</advantage>
</student>
<student id="329">
<name>
<first>Гарькавец</first>
<last>Вячеслав</last>
<patronymic>Константинович</patronymic>
</name>
<score total="169">
<math>33</math>
<russian>71</russian>
<informatics>65</informatics>
</score>
<advantage>Нет</advantage>
</student>
<student id="6789">
<name>
<first>Гнутов</first>
<last>Александр</last>
<patronymic>Сергеевич</patronymic>
</name>
<score total="168">
<math>62</math>
<russian>55</russian>
<informatics>51</informatics>
</score>
<advantage>Нет</advantage>
</student>
<student id="2450">
<name>
<first>Николаева</first>
<last>Виктория</last>
<patronymic>Валерьевна</patronymic>
</name>
<score total="167">
<math>39</math>
<russian>78</russian>
<informatics>50</informatics>
</score>
<advantage>Нет</advantage>
</student>
<student id="8386">
<name>
<first>Чебанов</first>
<last>Илья</last>
<patronymic>Дмитриевич</patronymic>
</name>
<score total="167">
<math>39</math>
<russian>78</russian>
<informatics>50</informatics>
</score>
<advantage>Нет</advantage>
</student>
<student id="7830">
<name>
<first>Тишко</first>
<last>Ярослав</last>
<patronymic>Олегович</patronymic>
</name>
<score total="167">
<math>39</math>
<russian>67</russian>
<informatics>61</informatics>
</score>
<advantage>Нет</advantage>
</student>
<student id="2070">
<name>
<first>Листов</first>
<last>Никита</last>
<patronymic>Сергеевич</patronymic>
</name>
<score total="167">
<math>33</math>
<russian>73</russian>
<informatics>61</informatics>
</score>
<advantage>Нет</advantage>
</student>
<student id="7876">
<name>
<first>Бажанов</first>
<last>Андрей</last>
<patronymic>Владимирович</patronymic>
</name>
<score total="166">
<math>55</math>
<russian>60</russian>
<informatics>51</informatics>
</score>
<advantage>Нет</advantage>
</student>
<student id="2946">
<name>
<first>Перова</first>
<last>Ксения</last>
<patronymic>Константиновна</patronymic>
</name>
<score total="166">
<math>39</math>
<russian>73</russian>
<informatics>54</informatics>
</score>
<advantage>Нет</advantage>
</student>
<student id="1430">
<name>
<first>Григорьев</first>
<last>Глеб</last>
<patronymic>Евгеньевич</patronymic>
</name>
<score total="165">
<math>33</math>
<russian>65</russian>
<informatics>67</informatics>
</score>
<advantage>Нет</advantage>
</student>
<student id="353">
<name>
<first>Шамкина</first>
<last>Александра</last>
<patronymic>Алексеевна</patronymic>
</name>
<score total="164">
<math>33</math>
<russian>83</russian>
<informatics>48</informatics>
</score>
<advantage>Нет</advantage>
</student>
<student id="7413">
<name>
<first>Гуржова</first>
<last>Юлия</last>
<patronymic>Павловна</patronymic>
</name>
<score total="163">
<math>39</math>
<russian>73</russian>
<informatics>51</informatics>
</score>
<advantage>Нет</advantage>
</student>
<student id="2010">
<name>
<first>Попов</first>
<last>Александр</last>
<patronymic>Александрович</patronymic>
</name>
<score total="163">
<math>39</math>
<russian>67</russian>
<informatics>57</informatics>
</score>
<advantage>Нет</advantage>
</student>
<student id="818">
<name>
<first>Сингаевский</first>
<last>Игорь</last>
<patronymic>Олегович</patronymic>
</name>
<score total="162">
<math>39</math>
<russian>73</russian>
<informatics>50</informatics>
</score>
<advantage>Нет</advantage>
</student>
<student id="819">
<name>
<first>Кодинцев</first>
<last>Павел</last>
<patronymic>Николаевич</patronymic>
</name>
<score total="161">
<math>33</math>
<russian>78</russian>
<informatics>50</informatics>
</score>
<advantage>Нет</advantage>
</student>
<student id="2939">
<name>
<first>Владимиров</first>
<last>Илья</last>
<patronymic>Валерьевич</patronymic>
</name>
<score total="160">
<math>33</math>
<russian>67</russian>
<informatics>60</informatics>
</score>
<advantage>Нет</advantage>
</student>
<student id="63">
<name>
<first>Ахильгова</first>
<last>Элина</last>
<patronymic>Алисхановна</patronymic>
</name>
<score total="158">
<math>33</math>
<russian>73</russian>
<informatics>52</informatics>
</score>
<advantage>Нет</advantage>
</student>
<student id="5444">
<name>
<first>Иванов</first>
<last>Дмитрий</last>
<patronymic>Аркадьевич</patronymic>
</name>
<score total="156">
<math>39</math>
<russian>65</russian>
<informatics>52</informatics>
</score>
<advantage>Нет</advantage>
</student>
<student id="5249">
<name>
<first>Аксенов</first>
<last>Павел</last>
<patronymic>Андреевич</patronymic>
</name>
<score total="156">
<math>39</math>
<russian>55</russian>
<informatics>62</informatics>
</score>
<advantage>Нет</advantage>
</student>
<student id="275">
<name>
<first>Неустроев</first>
<last>Артур</last>
<patronymic>Михайлович</patronymic>
</name>
<score total="154">
<math>45</math>
<russian>60</russian>
<informatics>49</informatics>
</score>
<advantage>Нет</advantage>
</student>
<student id="3600">
<name>
<first>Зуева</first>
<last>Александра</last>
<patronymic>Алексеевна</patronymic>
</name>
<score total="154">
<math>33</math>
<russian>72</russian>
<informatics>49</informatics>
</score>
<advantage>Нет</advantage>
</student>
<student id="2198">
<name>
<first>Стародубцев</first>
<last>Артем</last>
<patronymic>Александрович</patronymic>
</name>
<score total="153">
<math>33</math>
<russian>66</russian>
<informatics>54</informatics>
</score>
<advantage>Нет</advantage>
</student>
<student id="520">
<name>
<first>Кобалия</first>
<last>Давид</last>
<patronymic>Вахтангович</patronymic>
</name>
<score total="152">
<math>33</math>
<russian>62</russian>
<informatics>57</informatics>
</score>
<advantage>Нет</advantage>
</student>
<student id="348">
<name>
<first>Исаев</first>
<last>Тимур</last>
<patronymic>Агакеримович</patronymic>
</name>
<score total="151">
<math>33</math>
<russian>64</russian>
<informatics>54</informatics>
</score>
<advantage>Нет</advantage>
</student>
<student id="2912">
<name>
<first>Валюкевич</first>
<last>Павел</last>
<patronymic>Леонидович</patronymic>
</name>
<score total="151">
<math>33</math>
<russian>57</russian>
<informatics>60</informatics>
</score>
<advantage>Нет</advantage>
</student>
<student id="3320">
<name>
<first>Григорян</first>
<last>Гайк</last>
<patronymic>Геворгович</patronymic>
</name>
<score total="149">
<math>33</math>
<russian>59</russian>
<informatics>57</informatics>
</score>
<advantage>Нет</advantage>
</student>
<student id="125">
<name>
<first>Шамилов</first>
<last>Рашид</last>
<patronymic>Вагифович</patronymic>
</name>
<score total="146">
<math>39</math>
<russian>56</russian>
<informatics>51</informatics>
</score>
<advantage>Нет</advantage>
</student>
<student id="6473">
<name>
<first>Ким</first>
<last>Маргарита</last>
<patronymic>Максимовна</patronymic>
</name>
<score total="143">
<math>33</math>
<russian>59</russian>
<informatics>51</informatics>
</score>
<advantage>Нет</advantage>
</student>
<student id="1217">
<name>
<first>Гумаров</first>
<last>Булат</last>
<patronymic>Ильдарович</patronymic>
</name>
<score total="141">
<math>33</math>
<russian>61</russian>
<informatics>47</informatics>
</score>
<advantage>Нет</advantage>
</student>
<student id="8202">
<name>
<first>Манукян</first>
<last>Арина</last>
<patronymic>Артемовна</patronymic>
</name>
<score total="139">
<math>33</math>
<russian>56</russian>
<informatics>50</informatics>
</score>
<advantage>Нет</advantage>
</student>
</students>