<?xml-stylesheet type="text/css" href="student.css"?>
<groups>
	<group number="1">
		<student id="1">
			<definition>
				<option class="red">Ivan</option>
				<option>Ivanov</option>
				<option>m</option>
				<option>16</option>
			</definition>
		</student>
		<student id="s2">
			<definition>
				<option>Ivan</option>
				<option>Ivanov</option>
				<option>m</option>
				<option>16</option>
			</definition>
		</student>
	</group>
	<group number="1">
		<student id="1">
			<definition>
				<option>Ivan</option>
				<option>Ivanov</option>
				<option>m</option>
				<option>16</option>
			</definition>
		</student>
		<student id="2">
			<definition>
				<option>Ivan</option>
				<option>Ivanov</option>
				<option>m</option>
				<option>16</option>
			</definition>
		</student>
	</group>
</groups>