<?xml version="1.0" encoding="utf-8"?>
<?xml-stylesheet type="text/xsl" href="sort.xslt"?>
<students>
<student id="2296">
<name>
<last>Афонина</last>
<first>Анастасия</first>
<patronymic>Алексеевна</patronymic>
</name>
<score total="248">
<math>72</math>
<russian>93</russian>
<informatics>78</informatics>
</score>
<advantage>Нет</advantage>
</student>
<student id="7192">
	<name>
		<last>Сметкина</last>
		<first>Анна</first>
		<patronymic>Витальевна</patronymic>
	</name>
	<score total="247">
		<math>74</math>
		<russian>91</russian>
		<informatics>82</informatics>
	</score>
	<advantage>Нет</advantage>
</student>
<student id="4927">
<name>
<last>Афанасьева</last>
<first>Ирина</first>
<patronymic>Витальевна</patronymic>
</name>
<score total="243">
<math>72</math>
<russian>91</russian>
<informatics>80</informatics>
</score>
<advantage>Нет</advantage>
</student>
<student id="281">
<name>
<last>Давтян</last>
<first>Сурен</first>
<patronymic>Вачеевич</patronymic>
</name>
<score total="236">
<math>62</math>
<russian>88</russian>
<informatics>86</informatics>
</score>
<advantage>Нет</advantage>
</student>
<student id="3676">
<name>
<last>Гетиев</last>
<first>Темирлан</first>
<patronymic>Тимурович</patronymic>
</name>
<score total="234">
<math>70</math>
<russian>76</russian>
<informatics>88</informatics>
</score>
<advantage>Нет</advantage>
</student>
<student id="3968">
<name>
<last>Зайцева</last>
<first>Дарья</first>
<patronymic>Игоревна</patronymic>
</name>
<score total="233">
<math>62</math>
<russian>93</russian>
<informatics>78</informatics>
</score>
<advantage>Нет</advantage>
</student>
<student id="5803">
<name>
<last>Аванесян</last>
<first>Альберт</first>
<patronymic>Гарриевич</patronymic>
</name>
<score total="230">
<math>78</math>
<russian>83</russian>
<informatics>69</informatics>
</score>
<advantage>Нет</advantage>
</student>
<student id="5751">
<name>
<last>Нуриманова</last>
<first>Эвелина</first>
<patronymic>Рустамовна</patronymic>
</name>
<score total="228">
<math>62</math>
<russian>83</russian>
<informatics>78</informatics>
</score>
<advantage>Нет</advantage>
</student>
<student id="4036">
<name>
<last>Ливерко</last>
<first>Михаил</first>
<patronymic>Владимирович</patronymic>
</name>
<score total="227">
<math>70</math>
<russian>86</russian>
<informatics>71</informatics>
</score>
<advantage>Нет</advantage>
</student>
<student id="7597">
<name>
<last>Водолага</last>
<first>Борис</first>
<patronymic>Романович</patronymic>
</name>
<score total="224">
<math>70</math>
<russian>84</russian>
<informatics>70</informatics>
</score>
<advantage>Нет</advantage>
</student>
<student id="2154">
<name>
<last>Башелеишвили</last>
<first>Наталиа</first>
<patronymic>Валериановна</patronymic>
</name>
<score total="224">
<math>68</math>
<russian>86</russian>
<informatics>70</informatics>
</score>
<advantage>Нет</advantage>
</student>
<student id="8127">
<name>
<last>Ардатовский</last>
<first>Максим</first>
<patronymic>Игоревич</patronymic>
</name>
<score total="222">
<math>78</math>
<russian>76</russian>
<informatics>68</informatics>
</score>
<advantage>Нет</advantage>
</student>
<student id="1252">
<name>
<last>Цветкова</last>
<first>Дарья</first>
<patronymic>Александровна</patronymic>
</name>
<score total="222">
<math>74</math>
<russian>73</russian>
<informatics>70</informatics>
</score>
<advantage>Нет</advantage>
</student>
<student id="3685">
<name>
<last>Кузнецова</last>
<first>Анна</first>
<patronymic>Александровна</patronymic>
</name>
<score total="220">
<math>68</math>
<russian>86</russian>
<informatics>66</informatics>
</score>
<advantage>Нет</advantage>
</student>
<student id="6656">
<name>
<last>Глазунов</last>
<first>Евгений</first>
<patronymic>Олегович</patronymic>
</name>
<score total="219">
<math>70</math>
<russian>83</russian>
<informatics>66</informatics>
</score>
<advantage>Нет</advantage>
</student>
<student id="1567">
<name>
<last>Калмыков</last>
<first>Петр</first>
<patronymic>Александрович</patronymic>
</name>
<score total="219">
<math>62</math>
<russian>88</russian>
<informatics>69</informatics>
</score>
<advantage>Нет</advantage>
</student>
<student id="603">
<name>
<last>Щукина</last>
<first>Екатерина</first>
<patronymic>Николаевна</patronymic>
</name>
<score total="219">
<math>56</math>
<russian>91</russian>
<informatics>67</informatics>
</score>
<advantage>Нет</advantage>
</student>
<student id="1422">
<name>
<last>Пономарев</last>
<first>Иван</first>
<patronymic>Глебович</patronymic>
</name>
<score total="218">
<math>74</math>
<russian>73</russian>
<informatics>71</informatics>
</score>
<advantage>Нет</advantage>
</student>
<student id="959">
<name>
<last>Сергеев</last>
<first>Максим</first>
<patronymic>Александрович</patronymic>
</name>
<score total="217">
<math>50</math>
<russian>98</russian>
<informatics>69</informatics>
</score>
<advantage>Нет</advantage>
</student>
<student id="7114">
<name>
<last>Слепнёв</last>
<first>Денис</first>
<patronymic>Дмитриевич</patronymic>
</name>
<score total="216">
<math>50</math>
<russian>81</russian>
<informatics>80</informatics>
</score>
<advantage>Нет</advantage>
</student>
<student id="И-177">
<name>
<last>Шевчук</last>
<first>Виталий</first>
</name>
<score total="215">
<math>85</math>
<russian>70</russian>
<informatics>60</informatics>
</score>
<advantage>Нет</advantage>
</student>
<student id="8248">
<name>
<last>Комушев</last>
<first>Глеб</first>
<patronymic>Глебович</patronymic>
</name>
<score total="212">
<math>78</math>
<russian>86</russian>
<informatics>48</informatics>
</score>
<advantage>Нет</advantage>
</student>
<student id="7056">
<name>
<last>Галчина</last>
<first>Марина</first>
<patronymic>Александровна</patronymic>
</name>
<score total="212">
<math>70</math>
<russian>71</russian>
<informatics>71</informatics>
</score>
<advantage>Нет</advantage>
</student>
<student id="3311">
<name>
<last>Батова</last>
<first>Кристина</first>
<patronymic>Федоровна</patronymic>
</name>
<score total="212">
<math>62</math>
<russian>96</russian>
<informatics>49</informatics>
</score>
<advantage>Нет</advantage>
</student>
<student id="6066">
<name>
<last>Галактионов</last>
<first>Михаил</first>
<patronymic>Александрович</patronymic>
</name>
<score total="212">
<math>62</math>
<russian>81</russian>
<informatics>69</informatics>
</score>
<advantage>Нет</advantage>
</student>
<student id="2227">
<name>
<last>Романова</last>
<first>Алёна</first>
<patronymic>Владимировна</patronymic>
</name>
<score total="212">
<math>56</math>
<russian>96</russian>
<informatics>60</informatics>
</score>
<advantage>Нет</advantage>
</student>
<student id="5043">
<name>
<last>Ефимова</last>
<first>Елена</first>
<patronymic>Леонидовна</patronymic>
</name>
<score total="211">
<math>82</math>
<russian>72</russian>
<informatics>57</informatics>
</score>
<advantage>Нет</advantage>
</student>
<student id="4828">
<name>
<last>Черкасский</last>
<first>Никита</first>
<patronymic>Сергеевич</patronymic>
</name>
<score total="211">
<math>68</math>
<russian>81</russian>
<informatics>57</informatics>
</score>
<advantage>Нет</advantage>
</student>
<student id="7377">
<name>
<last>Андреева</last>
<first>Анна</first>
<patronymic>Юрьевна</patronymic>
</name>
<score total="211">
<math>62</math>
<russian>86</russian>
<informatics>63</informatics>
</score>
<advantage>Нет</advantage>
</student>
<student id="1311">
<name>
<last>Шекихачев</last>
<first>Эльдар</first>
<patronymic>Алексеевич</patronymic>
</name>
<score total="208">
<math>72</math>
<russian>81</russian>
<informatics>55</informatics>
</score>
<advantage>Нет</advantage>
</student>
<student id="3043">
<name>
<last>Лемешев</last>
<first>Михаил</first>
<patronymic>Сергеевич</patronymic>
</name>
<score total="208">
<math>70</math>
<russian>73</russian>
<informatics>65</informatics>
</score>
<advantage>Нет</advantage>
</student>
<student id="7007">
<name>
<last>Трошин</last>
<first>Вадим</first>
<patronymic>Олегович</patronymic>
</name>
<score total="208">
<math>45</math>
<russian>93</russian>
<informatics>70</informatics>
</score>
<advantage>Нет</advantage>
</student>
<student id="5606">
<name>
<last>Колесова</last>
<first>Анастасия</first>
<patronymic>Владимировна</patronymic>
</name>
<score total="207">
<math>50</math>
<russian>83</russian>
<informatics>74</informatics>
</score>
<advantage>Нет</advantage>
</student>
<student id="3466">
<name>
<last>Гаврилюк</last>
<first>Константин</first>
<patronymic>Витальевич</patronymic>
</name>
<score total="207">
<math>45</math>
<russian>86</russian>
<informatics>76</informatics>
</score>
<advantage>Нет</advantage>
</student>
<student id="2815">
<name>
<last>Козырев</last>
<first>Николай</first>
<patronymic>Александрович</patronymic>
</name>
<score total="206">
<math>70</math>
<russian>67</russian>
<informatics>69</informatics>
</score>
<advantage>Нет</advantage>
</student>
<student id="8207">
<name>
<last>Орлова</last>
<first>Мария</first>
<patronymic>Максимовна</patronymic>
</name>
<score total="206">
<math>56</math>
<russian>78</russian>
<informatics>72</informatics>
</score>
<advantage>Нет</advantage>
</student>
<student id="250">
<name>
<last>Худолеев</last>
<first>Анатолий</first>
<patronymic>Андреевич</patronymic>
</name>
<score total="204">
<math>68</math>
<russian>76</russian>
<informatics>60</informatics>
</score>
<advantage>Нет</advantage>
</student>
<student id="7236">
<name>
<last>Авраменко</last>
<first>Павел</first>
<patronymic>Федорович</patronymic>
</name>
<score total="204">
<math>68</math>
<russian>68</russian>
<informatics>68</informatics>
</score>
<advantage>Нет</advantage>
</student>
<student id="2097">
<name>
<last>Войтович</last>
<first>Андрей</first>
<patronymic>Валерьевич</patronymic>
</name>
<score total="204">
<math>62</math>
<russian>70</russian>
<informatics>72</informatics>
</score>
<advantage>Нет</advantage>
</student>
<student id="720">
<name>
<last>Егутия</last>
<first>Шота</first>
<patronymic>Андреевич</patronymic>
</name>
<score total="204">
<math>56</math>
<russian>88</russian>
<informatics>60</informatics>
</score>
<advantage>Нет</advantage>
</student>
<student id="7904">
<name>
<last>Тамошайтис</last>
<first>Робертас</first>
<patronymic>Вальдемарович</patronymic>
</name>
<score total="204">
<math>45</math>
<russian>91</russian>
<informatics>68</informatics>
</score>
<advantage>Нет</advantage>
</student>
<student id="398">
<name>
<last>Марчак</last>
<first>Анна</first>
<patronymic>Олеговна</patronymic>
</name>
<score total="203">
<math>62</math>
<russian>83</russian>
<informatics>58</informatics>
</score>
<advantage>Нет</advantage>
</student>
<student id="3164">
<name>
<last>Шевченко</last>
<first>Александр</first>
<patronymic>Олегович</patronymic>
</name>
<score total="203">
<math>62</math>
<russian>73</russian>
<informatics>68</informatics>
</score>
<advantage>Нет</advantage>
</student>
<student id="3855">
<name>
<last>Бохан</last>
<first>Артём</first>
<patronymic>Владимирович</patronymic>
</name>
<score total="203">
<math>50</math>
<russian>86</russian>
<informatics>67</informatics>
</score>
<advantage>Нет</advantage>
</student>
<student id="5087">
<name>
<last>Копасов</last>
<first>Андрей</first>
<patronymic>Романович</patronymic>
</name>
<score total="201">
<math>68</math>
<russian>71</russian>
<informatics>62</informatics>
</score>
<advantage>Нет</advantage>
</student>
<student id="606">
<name>
<last>Салтышова</last>
<first>Анастасия</first>
<patronymic>Андреевна</patronymic>
</name>
<score total="201">
<math>62</math>
<russian>71</russian>
<informatics>68</informatics>
</score>
<advantage>Нет</advantage>
</student>
<student id="476">
<name>
<last>Карманов</last>
<first>Дмитрий</first>
<patronymic>Владимирович</patronymic>
</name>
<score total="201">
<math>62</math>
<russian>70</russian>
<informatics>69</informatics>
</score>
<advantage>Нет</advantage>
</student>
<student id="2825">
<name>
<last>Епринцев</last>
<first>Максим</first>
<patronymic>Игоревич</patronymic>
</name>
<score total="201">
<math>56</math>
<russian>71</russian>
<informatics>69</informatics>
</score>
<advantage>Нет</advantage>
</student>
<student id="5248">
<name>
<last>Новиков</last>
<first>Дмитрий</first>
<patronymic>Игоревич</patronymic>
</name>
<score total="200">
<math>45</math>
<russian>86</russian>
<informatics>69</informatics>
</score>
<advantage>Нет</advantage>
</student>
<student id="1267">
<name>
<last>Матвеева</last>
<first>Анна</first>
<patronymic>Васильевна</patronymic>
</name>
<score total="200">
<math>39</math>
<russian>91</russian>
<informatics>70</informatics>
</score>
<advantage>Нет</advantage>
</student>
<student id="4109">
<name>
<last>Никишина</last>
<first>Александра</first>
<patronymic>Константиновна</patronymic>
</name>
<score total="200">
<math>39</math>
<russian>86</russian>
<informatics>70</informatics>
</score>
<advantage>Нет</advantage>
</student>
<student id="769">
<name>
<last>Мазницин</last>
<first>Аркадий</first>
<patronymic>Иванович</patronymic>
</name>
<score total="199">
<math>64</math>
<russian>66</russian>
<informatics>69</informatics>
</score>
<advantage>Нет</advantage>
</student>
<student id="679">
<name>
<last>Тимонин</last>
<first>Роман</first>
<patronymic>Игоревич</patronymic>
</name>
<score total="199">
<math>56</math>
<russian>73</russian>
<informatics>69</informatics>
</score>
<advantage>Нет</advantage>
</student>
<student id="499">
<name>
<last>Гусаков</last>
<first>Данила</first>
<patronymic>Игоревич</patronymic>
</name>
<score total="199">
<math>56</math>
<russian>72</russian>
<informatics>71</informatics>
</score>
<advantage>Нет</advantage>
</student>
<student id="3014">
<name>
<last>Голова</last>
<first>Алина</first>
<patronymic>Максимовна</patronymic>
</name>
<score total="198">
<math>56</math>
<russian>70</russian>
<informatics>72</informatics>
</score>
<advantage>Нет</advantage>
</student>
<student id="5356">
<name>
<last>Суходолова</last>
<first>Анастасия</first>
<patronymic>Сергеевна</patronymic>
</name>
<score total="198">
<math>45</math>
<russian>91</russian>
<informatics>62</informatics>
</score>
<advantage>Нет</advantage>
</student>
<student id="3580">
<name>
<last>Выровцева</last>
<first>Юлия</first>
<patronymic>Игоревна</patronymic>
</name>
<score total="197">
<math>56</math>
<russian>76</russian>
<informatics>65</informatics>
</score>
<advantage>Нет</advantage>
</student>
<student id="8038">
<name>
<last>Прохоров</last>
<first>Дмитрий</first>
<patronymic>Евгеньевич</patronymic>
</name>
<score total="197">
<math>55</math>
<russian>79</russian>
<informatics>63</informatics>
</score>
<advantage>Нет</advantage>
</student>
<student id="3993">
<name>
<last>Малышко</last>
<first>Наталия</first>
<patronymic>Андреевна</patronymic>
</name>
<score total="197">
<math>39</math>
<russian>96</russian>
<informatics>57</informatics>
</score>
<advantage>Нет</advantage>
</student>
<student id="4163">
<name>
<last>Кузнецов</last>
<first>Игорь</first>
<patronymic>Владимирович</patronymic>
</name>
<score total="196">
<math>62</math>
<russian>81</russian>
<informatics>53</informatics>
</score>
<advantage>Нет</advantage>
</student>
<student id="1112">
<name>
<last>Сысоева</last>
<first>Анна</first>
<patronymic>Константиновна</patronymic>
</name>
<score total="196">
<math>39</math>
<russian>86</russian>
<informatics>71</informatics>
</score>
<advantage>Нет</advantage>
</student>
<student id="949">
<name>
<last>Арчуковская</last>
<first>Дарья</first>
<patronymic>Александровна</patronymic>
</name>
<score total="195">
<math>74</math>
<russian>70</russian>
<informatics>51</informatics>
</score>
<advantage>Нет</advantage>
</student>
<student id="5661">
<name>
<last>Бобовникова</last>
<first>Алиса</first>
<patronymic>Олеговна</patronymic>
</name>
<score total="195">
<math>33</math>
<russian>78</russian>
<informatics>84</informatics>
</score>
<advantage>Нет</advantage>
</student>
<student id="5013">
<name>
<last>Макарова</last>
<first>Елизавета</first>
<patronymic>Сергеевна</patronymic>
</name>
<score total="194">
<math>56</math>
<russian>78</russian>
<informatics>60</informatics>
</score>
<advantage>Нет</advantage>
</student>
<student id="2705">
<name>
<last>Гринина</last>
<first>Вероника</first>
<patronymic>Сергеевна</patronymic>
</name>
<score total="193">
<math>50</math>
<russian>73</russian>
<informatics>70</informatics>
</score>
<advantage>Нет</advantage>
</student>
<student id="5300">
<name>
<last>Корнилова</last>
<first>Валерия</first>
<patronymic>Сергеевна</patronymic>
</name>
<score total="192">
<math>62</math>
<russian>81</russian>
<informatics>49</informatics>
</score>
<advantage>Нет</advantage>
</student>
<student id="3318">
<name>
<last>Горшунов</last>
<first>Ярослав</first>
<patronymic>Александрович</patronymic>
</name>
<score total="192">
<math>62</math>
<russian>73</russian>
<informatics>57</informatics>
</score>
<advantage>Нет</advantage>
</student>
<student id="4627">
<name>
<last>Ющенко</last>
<first>Дарья</first>
<patronymic>Игоревна</patronymic>
</name>
<score total="192">
<math>39</math>
<russian>86</russian>
<informatics>62</informatics>
</score>
<advantage>Да</advantage>
</student>
<student id="215">
<name>
<last>Кербель</last>
<first>Полина</first>
<patronymic>Андреевна</patronymic>
</name>
<score total="191">
<math>50</math>
<russian>78</russian>
<informatics>63</informatics>
</score>
<advantage>Нет</advantage>
</student>
<student id="3876">
<name>
<last>Дорошева</last>
<first>Валерия</first>
<patronymic>Сергеевна</patronymic>
</name>
<score total="191">
<math>50</math>
<russian>73</russian>
<informatics>68</informatics>
</score>
<advantage>Нет</advantage>
</student>
<student id="7458">
<name>
<last>Киселева</last>
<first>Елена</first>
<patronymic>Михайловна</patronymic>
</name>
<score total="190">
<math>50</math>
<russian>73</russian>
<informatics>67</informatics>
</score>
<advantage>Нет</advantage>
</student>
<student id="1168">
<name>
<last>Оськина</last>
<first>Анна</first>
<patronymic>Сергеевна</patronymic>
</name>
<score total="190">
<math>50</math>
<russian>73</russian>
<informatics>67</informatics>
</score>
<advantage>Нет</advantage>
</student>
<student id="4613">
<name>
<last>Сигаева</last>
<first>Александра</first>
<patronymic>Максимовна</patronymic>
</name>
<score total="190">
<math>45</math>
<russian>78</russian>
<informatics>67</informatics>
</score>
<advantage>Нет</advantage>
</student>
<student id="556">
<name>
<last>Табачков</last>
<first>Даниил</first>
<patronymic>Игоревич</patronymic>
</name>
<score total="189">
<math>39</math>
<russian>81</russian>
<informatics>69</informatics>
</score>
<advantage>Нет</advantage>
</student>
<student id="898">
<name>
<last>Белокопытова</last>
<first>Сардаана</first>
<patronymic>Васильевна</patronymic>
</name>
<score total="186">
<math>56</math>
<russian>83</russian>
<informatics>47</informatics>
</score>
<advantage>Нет</advantage>
</student>
<student id="6570">
<name>
<last>Алексеев</last>
<first>Владимир</first>
<patronymic>Алексеевич</patronymic>
</name>
<score total="186">
<math>56</math>
<russian>67</russian>
<informatics>63</informatics>
</score>
<advantage>Нет</advantage>
</student>
<student id="3325">
<name>
<last>Кузнецова</last>
<first>Маргарита</first>
<patronymic>Евгеньевна</patronymic>
</name>
<score total="186">
<math>33</math>
<russian>83</russian>
<informatics>70</informatics>
</score>
<advantage>Нет</advantage>
</student>
<student id="5200">
<name>
<last>Красикова</last>
<first>Екатерина</first>
<patronymic>Андреевна</patronymic>
</name>
<score total="185">
<math>39</math>
<russian>81</russian>
<informatics>65</informatics>
</score>
<advantage>Нет</advantage>
</student>
<student id="3429">
<name>
<last>Троскин</last>
<first>Ян</first>
<patronymic>Вячеславович</patronymic>
</name>
<score total="185">
<math>33</math>
<russian>83</russian>
<informatics>69</informatics>
</score>
<advantage>Нет</advantage>
</student>
<student id="3932">
<name>
<last>Успенская</last>
<first>Валерия</first>
<patronymic>Андреевна</patronymic>
</name>
<score total="183">
<math>72</math>
<russian>60</russian>
<informatics>51</informatics>
</score>
<advantage>Да</advantage>
</student>
<student id="1316">
<name>
<last>Плотников</last>
<first>Виктор</first>
<patronymic>Алексеевич</patronymic>
</name>
<score total="183">
<math>50</math>
<russian>73</russian>
<informatics>60</informatics>
</score>
<advantage>Нет</advantage>
</student>
<student id="2718">
<name>
<last>Смирнов</last>
<first>Александр</first>
<patronymic>Константинович</patronymic>
</name>
<score total="183">
<math>45</math>
<russian>72</russian>
<informatics>66</informatics>
</score>
<advantage>Нет</advantage>
</student>
<student id="3050">
<name>
<last>Шарыгин</last>
<first>Данил</first>
<patronymic>Денисович</patronymic>
</name>
<score total="183">
<math>33</math>
<russian>78</russian>
<informatics>72</informatics>
</score>
<advantage>Нет</advantage>
</student>
<student id="6027">
<name>
<last>Намаконов</last>
<first>Илья</first>
<patronymic>Олегович</patronymic>
</name>
<score total="182">
<math>62</math>
<russian>67</russian>
<informatics>53</informatics>
</score>
<advantage>Нет</advantage>
</student>
<student id="523">
<name>
<last>Виноградова</last>
<first>Ксения</first>
<patronymic>Михайловна</patronymic>
</name>
<score total="182">
<math>62</math>
<russian>65</russian>
<informatics>55</informatics>
</score>
<advantage>Нет</advantage>
</student>
<student id="5413">
<name>
<last>Фокина</last>
<first>Светлана</first>
<patronymic>Андреевна</patronymic>
</name>
<score total="182">
<math>45</math>
<russian>81</russian>
<informatics>56</informatics>
</score>
<advantage>Нет</advantage>
</student>
<student id="2072">
<name>
<last>Перепелица</last>
<first>Юлия</first>
<patronymic>Алексеевна</patronymic>
</name>
<score total="181">
<math>39</math>
<russian>83</russian>
<informatics>59</informatics>
</score>
<advantage>Нет</advantage>
</student>
<student id="2957">
<name>
<last>Самохвалов</last>
<first>Сергей</first>
<patronymic>Александрович</patronymic>
</name>
<score total="180">
<math>50</math>
<russian>76</russian>
<informatics>54</informatics>
</score>
<advantage>Нет</advantage>
</student>
<student id="3859">
<name>
<last>Котляр</last>
<first>Олег</first>
<patronymic>Дмитриевич</patronymic>
</name>
<score total="179">
<math>45</math>
<russian>83</russian>
<informatics>51</informatics>
</score>
<advantage>Нет</advantage>
</student>
<student id="226">
<name>
<last>Соколов</last>
<first>Евгений</first>
<patronymic>Геннадиевич</patronymic>
</name>
<score total="178">
<math>64</math>
<russian>65</russian>
<informatics>49</informatics>
</score>
<advantage>Да</advantage>
</student>
<student id="249">
<name>
<last>Силимянкина</last>
<first>Кристина</first>
<patronymic>Валерьевна</patronymic>
</name>
<score total="178">
<math>45</math>
<russian>70</russian>
<informatics>63</informatics>
</score>
<advantage>Нет</advantage>
</student>
<student id="4562">
<name>
<last>Курозин</last>
<first>Роман</first>
<patronymic>Константинович</patronymic>
</name>
<score total="177">
<math>56</math>
<russian>72</russian>
<informatics>49</informatics>
</score>
<advantage>Нет</advantage>
</student>
<student id="3285">
<name>
<last>Мелихов</last>
<first>Егор</first>
<patronymic>Дмитриевич</patronymic>
</name>
<score total="176">
<math>45</math>
<russian>70</russian>
<informatics>61</informatics>
</score>
<advantage>Нет</advantage>
</student>
<student id="4514">
<name>
<last>Поламарчук</last>
<first>Александра</first>
<patronymic>Сергеевна</patronymic>
</name>
<score total="175">
<math>45</math>
<russian>70</russian>
<informatics>60</informatics>
</score>
<advantage>Нет</advantage>
</student>
<student id="210">
<name>
<last>Вильшанский</last>
<first>Игорь</first>
<patronymic>Евгеньевич</patronymic>
</name>
<score total="175">
<math>39</math>
<russian>78</russian>
<informatics>58</informatics>
</score>
<advantage>Нет</advantage>
</student>
<student id="4610">
<name>
<last>Одинёва</last>
<first>Кристина</first>
<patronymic>Олеговна</patronymic>
</name>
<score total="175">
<math>39</math>
<russian>76</russian>
<informatics>60</informatics>
</score>
<advantage>Нет</advantage>
</student>
<student id="5586">
<name>
<last>Яппаров</last>
<first>Рустам</first>
<patronymic>Георгиевич</patronymic>
</name>
<score total="175">
<math>39</math>
<russian>73</russian>
<informatics>63</informatics>
</score>
<advantage>Нет</advantage>
</student>
<student id="5502">
<name>
<last>Ботвинко</last>
<first>Роман</first>
<patronymic>Сергеевич</patronymic>
</name>
<score total="174">
<math>56</math>
<russian>66</russian>
<informatics>52</informatics>
</score>
<advantage>Нет</advantage>
</student>
<student id="3267">
<name>
<last>Залстер</last>
<first>Александр</first>
<patronymic>Игоревич</patronymic>
</name>
<score total="173">
<math>50</math>
<russian>70</russian>
<informatics>53</informatics>
</score>
<advantage>Нет</advantage>
</student>
<student id="2181">
<name>
<last>Карельский</last>
<first>Егор</first>
<patronymic>Максимович</patronymic>
</name>
<score total="173">
<math>45</math>
<russian>70</russian>
<informatics>58</informatics>
</score>
<advantage>Нет</advantage>
</student>
<student id="377">
<name>
<last>Шахнубарян</last>
<first>Феликс</first>
<patronymic>Камоевич</patronymic>
</name>
<score total="173">
<math>39</math>
<russian>78</russian>
<informatics>56</informatics>
</score>
<advantage>Нет</advantage>
</student>
<student id="4513">
<name>
<last>Алексеева</last>
<first>Лена</first>
<patronymic>Александровна</patronymic>
</name>
<score total="173">
<math>39</math>
<russian>72</russian>
<informatics>62</informatics>
</score>
<advantage>Нет</advantage>
</student>
<student id="6377">
<name>
<last>Махоро</last>
<first>Илья</first>
<patronymic>Юрьевич</patronymic>
</name>
<score total="173">
<math>33</math>
<russian>72</russian>
<informatics>68</informatics>
</score>
<advantage>Нет</advantage>
</student>
<student id="344">
<name>
<last>Разгуляев</last>
<first>Андрей</first>
<patronymic>Владимирович</patronymic>
</name>
<score total="172">
<math>39</math>
<russian>65</russian>
<informatics>68</informatics>
</score>
<advantage>Нет</advantage>
</student>
<student id="5457">
<name>
<last>Николаенко</last>
<first>Юлия</first>
<patronymic>Дмитриевна</patronymic>
</name>
<score total="172">
<math>33</math>
<russian>78</russian>
<informatics>61</informatics>
</score>
<advantage>Нет</advantage>
</student>
<student id="3510">
<name>
<last>Цыганок</last>
<first>Егор</first>
<patronymic>Вадимович</patronymic>
</name>
<score total="171">
<math>62</math>
<russian>64</russian>
<informatics>45</informatics>
</score>
<advantage>Нет</advantage>
</student>
<student id="5351">
<name>
<last>Горбаченко</last>
<first>Даниил</first>
<patronymic>Эдуардович</patronymic>
</name>
<score total="171">
<math>39</math>
<russian>73</russian>
<informatics>59</informatics>
</score>
<advantage>Нет</advantage>
</student>
<student id="61">
<name>
<last>Сарычева</last>
<first>Алла</first>
<patronymic>Игоревна</patronymic>
</name>
<score total="170">
<math>45</math>
<russian>69</russian>
<informatics>56</informatics>
</score>
<advantage>Нет</advantage>
</student>
<student id="5576">
<name>
<last>Хромцов</last>
<first>Александр</first>
<patronymic>Львович</patronymic>
</name>
<score total="170">
<math>33</math>
<russian>76</russian>
<informatics>61</informatics>
</score>
<advantage>Нет</advantage>
</student>
<student id="89">
<name>
<last>Ентякова</last>
<first>Валерия</first>
<patronymic>Юрьевна</patronymic>
</name>
<score total="170">
<math>33</math>
<russian>72</russian>
<informatics>65</informatics>
</score>
<advantage>Нет</advantage>
</student>
<student id="217">
<name>
<last>Абакумова</last>
<first>Дарья</first>
<patronymic>Станиславовна</patronymic>
</name>
<score total="169">
<math>39</math>
<russian>69</russian>
<informatics>61</informatics>
</score>
<advantage>Нет</advantage>
</student>
<student id="329">
<name>
<last>Гарькавец</last>
<first>Вячеслав</first>
<patronymic>Константинович</patronymic>
</name>
<score total="169">
<math>33</math>
<russian>71</russian>
<informatics>65</informatics>
</score>
<advantage>Нет</advantage>
</student>
<student id="6789">
<name>
<last>Гнутов</last>
<first>Александр</first>
<patronymic>Сергеевич</patronymic>
</name>
<score total="168">
<math>62</math>
<russian>55</russian>
<informatics>51</informatics>
</score>
<advantage>Нет</advantage>
</student>
<student id="2450">
<name>
<last>Николаева</last>
<first>Виктория</first>
<patronymic>Валерьевна</patronymic>
</name>
<score total="167">
<math>39</math>
<russian>78</russian>
<informatics>50</informatics>
</score>
<advantage>Нет</advantage>
</student>
<student id="8386">
<name>
<last>Чебанов</last>
<first>Илья</first>
<patronymic>Дмитриевич</patronymic>
</name>
<score total="167">
<math>39</math>
<russian>78</russian>
<informatics>50</informatics>
</score>
<advantage>Нет</advantage>
</student>
<student id="7830">
<name>
<last>Тишко</last>
<first>Ярослав</first>
<patronymic>Олегович</patronymic>
</name>
<score total="167">
<math>39</math>
<russian>67</russian>
<informatics>61</informatics>
</score>
<advantage>Нет</advantage>
</student>
<student id="2070">
<name>
<last>Листов</last>
<first>Никита</first>
<patronymic>Сергеевич</patronymic>
</name>
<score total="167">
<math>33</math>
<russian>73</russian>
<informatics>61</informatics>
</score>
<advantage>Нет</advantage>
</student>
<student id="7876">
<name>
<last>Бажанов</last>
<first>Андрей</first>
<patronymic>Владимирович</patronymic>
</name>
<score total="166">
<math>55</math>
<russian>60</russian>
<informatics>51</informatics>
</score>
<advantage>Нет</advantage>
</student>
<student id="2946">
<name>
<last>Перова</last>
<first>Ксения</first>
<patronymic>Константиновна</patronymic>
</name>
<score total="166">
<math>39</math>
<russian>73</russian>
<informatics>54</informatics>
</score>
<advantage>Нет</advantage>
</student>
<student id="1430">
<name>
<last>Григорьев</last>
<first>Глеб</first>
<patronymic>Евгеньевич</patronymic>
</name>
<score total="165">
<math>33</math>
<russian>65</russian>
<informatics>67</informatics>
</score>
<advantage>Нет</advantage>
</student>
<student id="353">
<name>
<last>Шамкина</last>
<first>Александра</first>
<patronymic>Алексеевна</patronymic>
</name>
<score total="164">
<math>33</math>
<russian>83</russian>
<informatics>48</informatics>
</score>
<advantage>Нет</advantage>
</student>
<student id="7413">
<name>
<last>Гуржова</last>
<first>Юлия</first>
<patronymic>Павловна</patronymic>
</name>
<score total="163">
<math>39</math>
<russian>73</russian>
<informatics>51</informatics>
</score>
<advantage>Нет</advantage>
</student>
<student id="2010">
<name>
<last>Попов</last>
<first>Александр</first>
<patronymic>Александрович</patronymic>
</name>
<score total="163">
<math>39</math>
<russian>67</russian>
<informatics>57</informatics>
</score>
<advantage>Нет</advantage>
</student>
<student id="818">
<name>
<last>Сингаевский</last>
<first>Игорь</first>
<patronymic>Олегович</patronymic>
</name>
<score total="162">
<math>39</math>
<russian>73</russian>
<informatics>50</informatics>
</score>
<advantage>Нет</advantage>
</student>
<student id="819">
<name>
<last>Кодинцев</last>
<first>Павел</first>
<patronymic>Николаевич</patronymic>
</name>
<score total="161">
<math>33</math>
<russian>78</russian>
<informatics>50</informatics>
</score>
<advantage>Нет</advantage>
</student>
<student id="2939">
<name>
<last>Владимиров</last>
<first>Илья</first>
<patronymic>Валерьевич</patronymic>
</name>
<score total="160">
<math>33</math>
<russian>67</russian>
<informatics>60</informatics>
</score>
<advantage>Нет</advantage>
</student>
<student id="63">
<name>
<last>Ахильгова</last>
<first>Элина</first>
<patronymic>Алисхановна</patronymic>
</name>
<score total="158">
<math>33</math>
<russian>73</russian>
<informatics>52</informatics>
</score>
<advantage>Нет</advantage>
</student>
<student id="5444">
<name>
<last>Иванов</last>
<first>Дмитрий</first>
<patronymic>Аркадьевич</patronymic>
</name>
<score total="156">
<math>39</math>
<russian>65</russian>
<informatics>52</informatics>
</score>
<advantage>Нет</advantage>
</student>
<student id="5249">
<name>
<last>Аксенов</last>
<first>Павел</first>
<patronymic>Андреевич</patronymic>
</name>
<score total="156">
<math>39</math>
<russian>55</russian>
<informatics>62</informatics>
</score>
<advantage>Нет</advantage>
</student>
<student id="275">
<name>
<last>Неустроев</last>
<first>Артур</first>
<patronymic>Михайлович</patronymic>
</name>
<score total="154">
<math>45</math>
<russian>60</russian>
<informatics>49</informatics>
</score>
<advantage>Нет</advantage>
</student>
<student id="3600">
<name>
<last>Зуева</last>
<first>Александра</first>
<patronymic>Алексеевна</patronymic>
</name>
<score total="154">
<math>33</math>
<russian>72</russian>
<informatics>49</informatics>
</score>
<advantage>Нет</advantage>
</student>
<student id="2198">
<name>
<last>Стародубцев</last>
<first>Артем</first>
<patronymic>Александрович</patronymic>
</name>
<score total="153">
<math>33</math>
<russian>66</russian>
<informatics>54</informatics>
</score>
<advantage>Нет</advantage>
</student>
<student id="520">
<name>
<last>Кобалия</last>
<first>Давид</first>
<patronymic>Вахтангович</patronymic>
</name>
<score total="152">
<math>33</math>
<russian>62</russian>
<informatics>57</informatics>
</score>
<advantage>Нет</advantage>
</student>
<student id="348">
<name>
<last>Исаев</last>
<first>Тимур</first>
<patronymic>Агакеримович</patronymic>
</name>
<score total="151">
<math>33</math>
<russian>64</russian>
<informatics>54</informatics>
</score>
<advantage>Нет</advantage>
</student>
<student id="2912">
<name>
<last>Валюкевич</last>
<first>Павел</first>
<patronymic>Леонидович</patronymic>
</name>
<score total="151">
<math>33</math>
<russian>57</russian>
<informatics>60</informatics>
</score>
<advantage>Нет</advantage>
</student>
<student id="3320">
<name>
<last>Григорян</last>
<first>Гайк</first>
<patronymic>Геворгович</patronymic>
</name>
<score total="149">
<math>33</math>
<russian>59</russian>
<informatics>57</informatics>
</score>
<advantage>Нет</advantage>
</student>
<student id="125">
<name>
<last>Шамилов</last>
<first>Рашид</first>
<patronymic>Вагифович</patronymic>
</name>
<score total="146">
<math>39</math>
<russian>56</russian>
<informatics>51</informatics>
</score>
<advantage>Нет</advantage>
</student>
<student id="6473">
<name>
<last>Ким</last>
<first>Маргарита</first>
<patronymic>Максимовна</patronymic>
</name>
<score total="143">
<math>33</math>
<russian>59</russian>
<informatics>51</informatics>
</score>
<advantage>Нет</advantage>
</student>
<student id="1217">
<name>
<last>Гумаров</last>
<first>Булат</first>
<patronymic>Ильдарович</patronymic>
</name>
<score total="141">
<math>33</math>
<russian>61</russian>
<informatics>47</informatics>
</score>
<advantage>Нет</advantage>
</student>
<student id="8202">
<name>
<last>Манукян</last>
<first>Арина</first>
<patronymic>Артемовна</patronymic>
</name>
<score total="139">
<math>33</math>
<russian>56</russian>
<informatics>50</informatics>
</score>
<advantage>Нет</advantage>
</student>
</students>